<ImportExportXml version="9.1.0.17736" SolutionPackageVersion="9.1" languagecode="1033" generatedBy="CrmLive" xmlns:xsi="http://www.w3.org/2001/XMLSchema-instance">
  <SolutionManifest>
    <UniqueName>PA_Realestate</UniqueName>
    <LocalizedNames>
      <LocalizedName description="PA_Realestate" languagecode="1033" />
    </LocalizedNames>
    <Descriptions />
    <Version>1.0.0.1</Version>
    <Managed>1</Managed>
    <Publisher>
      <UniqueName>Cr9c69c</UniqueName>
      <LocalizedNames>
        <LocalizedName description="CDS Default Publisher" languagecode="1033" />
      </LocalizedNames>
      <Descriptions />
      <EMailAddress xsi:nil="true"></EMailAddress>
      <SupportingWebsiteUrl xsi:nil="true"></SupportingWebsiteUrl>
      <CustomizationPrefix>cre36</CustomizationPrefix>
      <CustomizationOptionValuePrefix>87359</CustomizationOptionValuePrefix>
      <Addresses>
        <Address>
          <AddressNumber>1</AddressNumber>
          <AddressTypeCode xsi:nil="true"></AddressTypeCode>
          <City xsi:nil="true"></City>
          <County xsi:nil="true"></County>
          <Country xsi:nil="true"></Country>
          <Fax xsi:nil="true"></Fax>
          <FreightTermsCode xsi:nil="true"></FreightTermsCode>
          <ImportSequenceNumber xsi:nil="true"></ImportSequenceNumber>
          <Latitude xsi:nil="true"></Latitude>
          <Line1 xsi:nil="true"></Line1>
          <Line2 xsi:nil="true"></Line2>
          <Line3 xsi:nil="true"></Line3>
          <Longitude xsi:nil="true"></Longitude>
          <Name xsi:nil="true"></Name>
          <PostalCode xsi:nil="true"></PostalCode>
          <PostOfficeBox xsi:nil="true"></PostOfficeBox>
          <PrimaryContactName xsi:nil="true"></PrimaryContactName>
          <ShippingMethodCode xsi:nil="true"></ShippingMethodCode>
          <StateOrProvince xsi:nil="true"></StateOrProvince>
          <Telephone1 xsi:nil="true"></Telephone1>
          <Telephone2 xsi:nil="true"></Telephone2>
          <Telephone3 xsi:nil="true"></Telephone3>
          <TimeZoneRuleVersionNumber xsi:nil="true"></TimeZoneRuleVersionNumber>
          <UPSZone xsi:nil="true"></UPSZone>
          <UTCOffset xsi:nil="true"></UTCOffset>
          <UTCConversionTimeZoneCode xsi:nil="true"></UTCConversionTimeZoneCode>
        </Address>
        <Address>
          <AddressNumber>2</AddressNumber>
          <AddressTypeCode xsi:nil="true"></AddressTypeCode>
          <City xsi:nil="true"></City>
          <County xsi:nil="true"></County>
          <Country xsi:nil="true"></Country>
          <Fax xsi:nil="true"></Fax>
          <FreightTermsCode xsi:nil="true"></FreightTermsCode>
          <ImportSequenceNumber xsi:nil="true"></ImportSequenceNumber>
          <Latitude xsi:nil="true"></Latitude>
          <Line1 xsi:nil="true"></Line1>
          <Line2 xsi:nil="true"></Line2>
          <Line3 xsi:nil="true"></Line3>
          <Longitude xsi:nil="true"></Longitude>
          <Name xsi:nil="true"></Name>
          <PostalCode xsi:nil="true"></PostalCode>
          <PostOfficeBox xsi:nil="true"></PostOfficeBox>
          <PrimaryContactName xsi:nil="true"></PrimaryContactName>
          <ShippingMethodCode xsi:nil="true"></ShippingMethodCode>
          <StateOrProvince xsi:nil="true"></StateOrProvince>
          <Telephone1 xsi:nil="true"></Telephone1>
          <Telephone2 xsi:nil="true"></Telephone2>
          <Telephone3 xsi:nil="true"></Telephone3>
          <TimeZoneRuleVersionNumber xsi:nil="true"></TimeZoneRuleVersionNumber>
          <UPSZone xsi:nil="true"></UPSZone>
          <UTCOffset xsi:nil="true"></UTCOffset>
          <UTCConversionTimeZoneCode xsi:nil="true"></UTCConversionTimeZoneCode>
        </Address>
      </Addresses>
    </Publisher>
    <RootComponents>
      <RootComponent type="1" schemaName="contact" behavior="0" />
      <RootComponent type="1" schemaName="cre36_inspections" behavior="0" />
      <RootComponent type="60" id="{70ad8b15-e3f3-4d7d-9e4b-16cb4e51b484}" behavior="0" />
      <RootComponent type="80" schemaName="Customerservicehub" behavior="0" />
      <RootComponent type="431" schemaName="cre36_inspections cre36_image" behavior="0" />
      <RootComponent type="431" schemaName="cre36_inspections cre36_room1" behavior="0" />
      <RootComponent type="431" schemaName="cre36_inspections cre36_room2" behavior="0" />
      <RootComponent type="431" schemaName="cre36_inspections cre36_room3" behavior="0" />
      <RootComponent type="431" schemaName="cre36_inspections cre36_room4" behavior="0" />
      <RootComponent type="431" schemaName="cre36_inspections cre36_room5" behavior="0" />
      <RootComponent type="432" schemaName="cre36_inspections" behavior="0" />
    </RootComponents>
    <MissingDependencies>
      <MissingDependency>
        <Required key="0" type="1" schemaName="msdyn_iotalert" displayName="IoT Alert" solution="IoTConnector (1.7.7.107)" />
        <Dependent key="1" type="80" schemaName="Customerservicehub" displayName="Customer Service Hub" />
      </MissingDependency>
      <MissingDependency>
        <Required key="2" type="1" schemaName="entitlement" displayName="Entitlement" solution="msdynce_Service (9.0.5.56)" />
        <Dependent key="1" type="80" schemaName="Customerservicehub" displayName="Customer Service Hub" />
      </MissingDependency>
      <MissingDependency>
        <Required key="3" type="1" schemaName="incident" displayName="Case" solution="msdynce_Service (9.0.5.56)" />
        <Dependent key="1" type="80" schemaName="Customerservicehub" displayName="Customer Service Hub" />
      </MissingDependency>
      <MissingDependency>
        <Required key="4" type="1" schemaName="msdyn_iotdeviceproperty" displayName="IoT Device Property" solution="IoTConnector (1.7.7.107)" />
        <Dependent key="1" type="80" schemaName="Customerservicehub" displayName="Customer Service Hub" />
      </MissingDependency>
      <MissingDependency>
        <Required key="5" type="1" schemaName="msdyn_iotdevicedatahistory" displayName="IoT Device Data History" solution="IoTConnector (1.7.7.107)" />
        <Dependent key="1" type="80" schemaName="Customerservicehub" displayName="Customer Service Hub" />
      </MissingDependency>
      <MissingDependency>
        <Required key="6" type="1" schemaName="msdyn_iotdevice" displayName="IoT Device" solution="IoTConnector (1.7.7.107)" />
        <Dependent key="1" type="80" schemaName="Customerservicehub" displayName="Customer Service Hub" />
      </MissingDependency>
      <MissingDependency>
        <Required key="7" type="1" schemaName="msdyn_customerasset" displayName="Device" solution="msdyn_AssetCommon (1.0.0.30)" />
        <Dependent key="1" type="80" schemaName="Customerservicehub" displayName="Customer Service Hub" />
      </MissingDependency>
      <MissingDependency>
        <Required key="8" type="1" schemaName="incidentresolution" displayName="Case Resolution" solution="msdynce_Service (9.0.5.56)" />
        <Dependent key="1" type="80" schemaName="Customerservicehub" displayName="Customer Service Hub" />
      </MissingDependency>
      <MissingDependency>
        <Required key="9" type="1" schemaName="msdyn_iottocaseprocess" displayName="IoT Alert to Case Process" solution="msdyn_ConnectedCustomerService (9.0.20051.1021)" />
        <Dependent key="1" type="80" schemaName="Customerservicehub" displayName="Customer Service Hub" />
      </MissingDependency>
      <MissingDependency>
        <Required key="10" type="1" schemaName="msdyn_iotdevicecategory" displayName="IoT Device Category" solution="IoTConnector (1.7.7.107)" />
        <Dependent key="1" type="80" schemaName="Customerservicehub" displayName="Customer Service Hub" />
      </MissingDependency>
      <MissingDependency>
        <Required key="11" type="1" schemaName="msdyn_slakpi" displayName="SLAKPI" solution="msdynce_ServiceLevelAgreementExtension (9.0.20051.5001)" />
        <Dependent key="1" type="80" schemaName="Customerservicehub" displayName="Customer Service Hub" />
      </MissingDependency>
      <MissingDependency>
        <Required key="12" type="1" schemaName="knowledgearticleincident" displayName="Knowledge Article Incident" solution="msdynce_Service (9.0.5.56)" />
        <Dependent key="1" type="80" schemaName="Customerservicehub" displayName="Customer Service Hub" />
      </MissingDependency>
      <MissingDependency>
        <Required key="13" type="1" schemaName="msdyn_iotpropertydefinition" displayName="IoT Property Definition" solution="IoTConnector (1.7.7.107)" />
        <Dependent key="1" type="80" schemaName="Customerservicehub" displayName="Customer Service Hub" />
      </MissingDependency>
      <MissingDependency>
        <Required key="14" type="1" schemaName="msdyn_iotsettings" displayName="IoT Settings" solution="IoTConnector (1.7.7.107)" />
        <Dependent key="1" type="80" schemaName="Customerservicehub" displayName="Customer Service Hub" />
      </MissingDependency>
      <MissingDependency>
        <Required key="15" type="1" schemaName="phonetocaseprocess" displayName="Phone To Case Process" solution="msdynce_Service (9.0.5.56)" />
        <Dependent key="1" type="80" schemaName="Customerservicehub" displayName="Customer Service Hub" />
      </MissingDependency>
      <MissingDependency>
        <Required key="16" type="1" schemaName="msdyn_analyticsforcs" displayName="Dynamics Customer Service Analytics" solution="msdyn_AnalyticsForCS (1.0.2.20)" />
        <Dependent key="1" type="80" schemaName="Customerservicehub" displayName="Customer Service Hub" />
      </MissingDependency>
      <MissingDependency>
        <Required key="17" type="1" schemaName="msdyn_dataanalyticsreport" displayName="Data Analytics Report" solution="msdyn_DataInsightsAndAnalytics (1.0.2.20)" />
        <Dependent key="1" type="80" schemaName="Customerservicehub" displayName="Customer Service Hub" />
      </MissingDependency>
      <MissingDependency>
        <Required key="18" type="1" schemaName="msdyn_iotdeviceregistrationhistory" displayName="IoT Device Registration History" solution="IoTConnector (1.7.7.107)" />
        <Dependent key="1" type="80" schemaName="Customerservicehub" displayName="Customer Service Hub" />
      </MissingDependency>
      <MissingDependency>
        <Required key="19" type="1" schemaName="msdyn_iotdevicecommand" displayName="IoT Device Command" solution="IoTConnector (1.7.7.107)" />
        <Dependent key="1" type="80" schemaName="Customerservicehub" displayName="Customer Service Hub" />
      </MissingDependency>
      <MissingDependency>
        <Required key="20" type="1" schemaName="entitlementtemplate" displayName="Entitlement Template" solution="msdynce_Service (9.0.5.56)" />
        <Dependent key="1" type="80" schemaName="Customerservicehub" displayName="Customer Service Hub" />
      </MissingDependency>
      <MissingDependency>
        <Required key="21" type="1" schemaName="msdyn_iotdevicecommanddefinition" displayName="IoT Device Command Definition" solution="IoTConnector (1.7.7.107)" />
        <Dependent key="1" type="80" schemaName="Customerservicehub" displayName="Customer Service Hub" />
      </MissingDependency>
      <MissingDependency>
        <Required key="22" type="1" schemaName="msdyn_analyticsadminsettings" displayName="Data Analytics Admin Settings" solution="msdyn_DataInsightsAndAnalytics (1.0.2.20)" />
        <Dependent key="1" type="80" schemaName="Customerservicehub" displayName="Customer Service Hub" />
      </MissingDependency>
      <MissingDependency>
        <Required key="23" type="1" schemaName="msdyn_knowledgearticletemplate" displayName="Knowledge Article Template" solution="msdynce_KnowledgeManagementFeatures (9.0.1.1126)" />
        <Dependent key="1" type="80" schemaName="Customerservicehub" displayName="Customer Service Hub" />
      </MissingDependency>
      <MissingDependency>
        <Required key="24" type="2" schemaName="defaultpricelevelid" displayName="Price List" parentSchemaName="contact" parentDisplayName="Contact" solution="msdynce_ProductManagement (9.0.4.0066)" />
        <Dependent key="25" type="60" displayName="Information" parentDisplayName="Contact" id="{894cc46a-b0cb-4ab0-8bf6-200544e46a2d}" />
      </MissingDependency>
      <MissingDependency>
        <Required key="26" type="2" schemaName="preferredequipmentid" displayName="Preferred Facility/Equipment" parentSchemaName="contact" parentDisplayName="Contact" solution="msdynce_Service (9.0.5.56)" />
        <Dependent key="25" type="60" displayName="Information" parentDisplayName="Contact" id="{894cc46a-b0cb-4ab0-8bf6-200544e46a2d}" />
      </MissingDependency>
      <MissingDependency>
        <Required key="27" type="2" schemaName="preferredserviceid" displayName="Preferred Service" parentSchemaName="contact" parentDisplayName="Contact" solution="msdynce_Service (9.0.5.56)" />
        <Dependent key="25" type="60" displayName="Information" parentDisplayName="Contact" id="{894cc46a-b0cb-4ab0-8bf6-200544e46a2d}" />
      </MissingDependency>
      <MissingDependency>
        <Required key="28" type="2" schemaName="originatingleadid" displayName="Originating Lead" parentSchemaName="contact" parentDisplayName="Contact" solution="msdynce_LeadManagement (9.0.4.0066)" />
        <Dependent key="25" type="60" displayName="Information" parentDisplayName="Contact" id="{894cc46a-b0cb-4ab0-8bf6-200544e46a2d}" />
      </MissingDependency>
      <MissingDependency>
        <Required key="29" type="26" schemaName="Active Services" displayName="Active Services" parentSchemaName="service" parentDisplayName="Service" solution="msdynce_Service (9.0.5.56)" id="{2bd4de5e-a7b4-4f5d-8fde-eb3b62d8e2b2}" />
        <Dependent key="25" type="60" displayName="Information" parentDisplayName="Contact" id="{894cc46a-b0cb-4ab0-8bf6-200544e46a2d}" />
      </MissingDependency>
      <MissingDependency>
        <Required key="30" type="26" schemaName="All Contacts" displayName="All Contacts" parentSchemaName="contact" parentDisplayName="Contact" solution="msdynce_AppCommon (9.0.4.0066)" id="{0d5d377b-5e7c-47b5-bab1-a5cb8b4ac105}" />
        <Dependent key="31" type="60" displayName="Contacts Dashboard" parentDisplayName="Contact" id="{70ad8b15-e3f3-4d7d-9e4b-16cb4e51b484}" />
      </MissingDependency>
      <MissingDependency>
        <Required key="32" type="26" schemaName="Record creation and update rules" displayName="Record creation and update rules" parentSchemaName="convertrule" parentDisplayName="Record Creation and Update Rule" solution="AutomaticRecordCreation (9.1.20041.1003)" id="{4c282407-113e-ea11-a81c-000d3a6e0dee}" />
        <Dependent key="1" type="80" schemaName="Customerservicehub" displayName="Customer Service Hub" />
      </MissingDependency>
      <MissingDependency>
        <Required key="33" type="26" schemaName="Inactive record creation and update rules" displayName="Inactive record creation and update rules" parentSchemaName="convertrule" parentDisplayName="Record Creation and Update Rule" solution="AutomaticRecordCreation (9.1.20041.1003)" id="{a00557de-213e-ea11-a81c-000d3a6e0dee}" />
        <Dependent key="1" type="80" schemaName="Customerservicehub" displayName="Customer Service Hub" />
      </MissingDependency>
      <MissingDependency>
        <Required key="34" type="26" schemaName="Data Analytics Reports" displayName="Data Analytics Reports" parentSchemaName="msdyn_dataanalyticsreport" parentDisplayName="Data Analytics Report" solution="msdyn_DataInsightsAndAnalytics (1.0.2.20)" id="{1493a80e-d131-ea11-a813-000d3af77de6}" />
        <Dependent key="1" type="80" schemaName="Customerservicehub" displayName="Customer Service Hub" />
      </MissingDependency>
      <MissingDependency>
        <Required key="35" type="26" schemaName="Primary alerts" displayName="Primary alerts" parentSchemaName="msdyn_iotalert" parentDisplayName="IoT Alert" solution="msdyn_ConnectedCustomerService (9.0.20051.1021)" id="{8aa1e7c2-1514-ea11-a81f-000d3ac3e048}" />
        <Dependent key="1" type="80" schemaName="Customerservicehub" displayName="Customer Service Hub" />
      </MissingDependency>
      <MissingDependency>
        <Required key="36" type="26" schemaName="Customer Service Hub Analytics Reports" displayName="Customer Service Hub Analytics Reports" parentSchemaName="msdyn_dataanalyticsreport" parentDisplayName="Data Analytics Report" solution="msdyn_AnalyticsForCS (1.0.2.20)" id="{4ec5bff8-674e-4630-802f-30c8226c686f}" />
        <Dependent key="1" type="80" schemaName="Customerservicehub" displayName="Customer Service Hub" />
      </MissingDependency>
      <MissingDependency>
        <Required key="37" type="26" schemaName="Active Commands" displayName="Active Commands" parentSchemaName="msdyn_iotdevicecommand" parentDisplayName="IoT Device Command" solution="msdyn_ConnectedCustomerService (9.0.20051.1021)" id="{1c53b91a-1914-ea11-a81f-000d3ac3e048}" />
        <Dependent key="1" type="80" schemaName="Customerservicehub" displayName="Customer Service Hub" />
      </MissingDependency>
      <MissingDependency>
        <Required key="38" type="26" schemaName="Inactive IoT Device Commands" displayName="Inactive IoT Device Commands" parentSchemaName="msdyn_iotdevicecommand" parentDisplayName="IoT Device Command" solution="IoTConnector (1.7.7.107)" id="{b7583a33-abc2-43fd-87cd-2d8eeaa9efad}" />
        <Dependent key="1" type="80" schemaName="Customerservicehub" displayName="Customer Service Hub" />
      </MissingDependency>
      <MissingDependency>
        <Required key="39" type="26" schemaName="Inactive Devices" displayName="Inactive Devices" parentSchemaName="msdyn_customerasset" parentDisplayName="Device" solution="msdyn_ConnectedCustomerService (9.0.20051.1021)" id="{effe12a3-5558-47f5-9932-6b56b52ec8e7}" />
        <Dependent key="1" type="80" schemaName="Customerservicehub" displayName="Customer Service Hub" />
      </MissingDependency>
      <MissingDependency>
        <Required key="40" type="26" schemaName="Data Analytics Admin Settings for CS" displayName="Data Analytics Admin Settings for CS" parentSchemaName="msdyn_analyticsadminsettings" parentDisplayName="Data Analytics Admin Settings" solution="msdyn_AnalyticsForCS (1.0.2.20)" id="{6fb88db7-225f-ea11-a81a-000d3ac4c62e}" />
        <Dependent key="1" type="80" schemaName="Customerservicehub" displayName="Customer Service Hub" />
      </MissingDependency>
      <MissingDependency>
        <Required key="41" type="26" schemaName="Active record creation and update rules" displayName="Active record creation and update rules" parentSchemaName="convertrule" parentDisplayName="Record Creation and Update Rule" solution="AutomaticRecordCreation (9.1.20041.1003)" id="{54097fb3-213e-ea11-a81c-000d3a6e0dee}" />
        <Dependent key="1" type="80" schemaName="Customerservicehub" displayName="Customer Service Hub" />
      </MissingDependency>
      <MissingDependency>
        <Required key="42" type="26" schemaName="Connected Devices" displayName="Connected Devices" parentSchemaName="msdyn_customerasset" parentDisplayName="Device" solution="msdyn_IoTAssetCommon (1.7.27.27)" id="{6da9a965-1899-471c-9478-915527225a92}" />
        <Dependent key="1" type="80" schemaName="Customerservicehub" displayName="Customer Service Hub" />
      </MissingDependency>
      <MissingDependency>
        <Required key="43" type="26" schemaName="Active Alerts" displayName="Active Alerts" parentSchemaName="msdyn_iotalert" parentDisplayName="IoT Alert" solution="msdyn_ConnectedCustomerService (9.0.20051.1021)" id="{288bede2-1714-ea11-a81f-000d3ac3e048}" />
        <Dependent key="1" type="80" schemaName="Customerservicehub" displayName="Customer Service Hub" />
      </MissingDependency>
      <MissingDependency>
        <Required key="44" type="26" schemaName="Active Alerts Chart" displayName="Active Alerts Chart" parentSchemaName="msdyn_iotalert" parentDisplayName="IoT Alert" solution="msdyn_ConnectedCustomerService (9.0.20051.1021)" id="{7d8db35b-4c16-41cf-845f-5ac383dad1ec}" />
        <Dependent key="1" type="80" schemaName="Customerservicehub" displayName="Customer Service Hub" />
      </MissingDependency>
      <MissingDependency>
        <Required key="45" type="26" schemaName="Inactive IoT alerts" displayName="Inactive IoT alerts" parentSchemaName="msdyn_iotalert" parentDisplayName="IoT Alert" solution="IoTConnector (1.7.7.107)" id="{85d8bcc6-f396-41c4-94f8-24b4a9970632}" />
        <Dependent key="1" type="80" schemaName="Customerservicehub" displayName="Customer Service Hub" />
      </MissingDependency>
      <MissingDependency>
        <Required key="46" type="26" schemaName="IoT Alert Lookup View" displayName="IoT Alert Lookup View" parentSchemaName="msdyn_iotalert" parentDisplayName="IoT Alert" solution="IoTConnector (1.7.7.107)" id="{0d671846-601a-43fb-ad96-d4563022bfb7}" />
        <Dependent key="1" type="80" schemaName="Customerservicehub" displayName="Customer Service Hub" />
      </MissingDependency>
      <MissingDependency>
        <Required key="47" type="26" schemaName="Active Devices" displayName="Active Devices" parentSchemaName="msdyn_customerasset" parentDisplayName="Device" solution="msdyn_ConnectedCustomerService (9.0.20051.1021)" id="{64f8ed51-5066-449d-8bf9-73a39737ece7}" />
        <Dependent key="1" type="80" schemaName="Customerservicehub" displayName="Customer Service Hub" />
      </MissingDependency>
      <MissingDependency>
        <Required key="48" type="29" displayName="Phone to Case Process" solution="msdynce_Service (9.0.5.56)" id="{0ffbcde4-61c1-4355-aa89-aa1d7b2b8792}" />
        <Dependent key="1" type="80" schemaName="Customerservicehub" displayName="Customer Service Hub" />
      </MissingDependency>
      <MissingDependency>
        <Required key="49" type="29" displayName="IoT Alert to Case Process" solution="msdyn_ConnectedCustomerService (9.0.20051.1021)" id="{006c4c42-2abe-4b61-9149-56df5b9625f9}" />
        <Dependent key="1" type="80" schemaName="Customerservicehub" displayName="Customer Service Hub" />
      </MissingDependency>
      <MissingDependency>
        <Required key="50" type="60" displayName="Customer Service Representative Dashboard" solution="msdynce_Service (9.0.5.56)" id="{6e00802f-8c73-df11-986c-00155d2e3002}" />
        <Dependent key="1" type="80" schemaName="Customerservicehub" displayName="Customer Service Hub" />
      </MissingDependency>
      <MissingDependency>
        <Required key="51" type="60" displayName="IoT Device MFD" parentDisplayName="IoT Device" solution="msdyn_ConnectedCustomerService (9.0.20051.1021)" id="{dde8984c-b2fe-40ee-a248-c74d6ecc736d}" />
        <Dependent key="1" type="80" schemaName="Customerservicehub" displayName="Customer Service Hub" />
      </MissingDependency>
      <MissingDependency>
        <Required key="25" type="60" displayName="Information" parentDisplayName="Contact" solution="msdynce_AppCommon (9.0.4.0066)" id="{894cc46a-b0cb-4ab0-8bf6-200544e46a2d}" />
        <Dependent key="25" type="60" displayName="Information" parentDisplayName="Contact" id="{894cc46a-b0cb-4ab0-8bf6-200544e46a2d}" />
      </MissingDependency>
      <MissingDependency>
        <Required key="31" type="60" displayName="Contacts Dashboard" parentDisplayName="Contact" solution="msdynce_Service (9.0.5.56)" id="{70ad8b15-e3f3-4d7d-9e4b-16cb4e51b484}" />
        <Dependent key="31" type="60" displayName="Contacts Dashboard" parentDisplayName="Contact" id="{70ad8b15-e3f3-4d7d-9e4b-16cb4e51b484}" />
      </MissingDependency>
      <MissingDependency>
        <Required key="52" type="60" displayName="Phone Call for Interactive experience" parentDisplayName="Phone Call" solution="msdynce_Activities (9.0.1.2033)" id="{cdc622ea-2a17-4cc3-9605-44564d56cea7}" />
        <Dependent key="1" type="80" schemaName="Customerservicehub" displayName="Customer Service Hub" />
      </MissingDependency>
      <MissingDependency>
        <Required key="53" type="60" displayName="Case Resolution Quick Create Form" parentDisplayName="Case Resolution" solution="msdynce_ServicePatch201911 (9.0.20051.1021)" id="{9f50f1f6-8131-46e7-8ba1-e42403a51119}" />
        <Dependent key="1" type="80" schemaName="Customerservicehub" displayName="Customer Service Hub" />
      </MissingDependency>
      <MissingDependency>
        <Required key="54" type="60" displayName="Email" parentDisplayName="Email" solution="msdynce_Activities (9.0.1.2033)" id="{0d1e47ff-12b2-4f53-9090-bee951b98cb4}" />
        <Dependent key="1" type="80" schemaName="Customerservicehub" displayName="Customer Service Hub" />
      </MissingDependency>
      <MissingDependency>
        <Required key="55" type="60" displayName="Contact for Interactive experience" parentDisplayName="Contact" solution="msdynce_LeadManagement (9.0.4.0066)" id="{cc760212-3eab-4009-b5c3-ea9cf6f3e141}" />
        <Dependent key="1" type="80" schemaName="Customerservicehub" displayName="Customer Service Hub" />
      </MissingDependency>
      <MissingDependency>
        <Required key="56" type="60" displayName="Knowledge Article for Interactive experience" parentDisplayName="Knowledge Article" solution="msdynce_KnowledgeManagement (9.0.1.33)" id="{f7502aaf-4874-49fc-868d-cc201c6c4453}" />
        <Dependent key="1" type="80" schemaName="Customerservicehub" displayName="Customer Service Hub" />
      </MissingDependency>
      <MissingDependency>
        <Required key="57" type="60" displayName="Record Creation and Update Rule - UCI" parentDisplayName="Record Creation and Update Rule" solution="AutomaticRecordCreation (9.1.20041.1003)" id="{2c8955c5-133b-423f-bb72-01880111bbfd}" />
        <Dependent key="1" type="80" schemaName="Customerservicehub" displayName="Customer Service Hub" />
      </MissingDependency>
      <MissingDependency>
        <Required key="58" type="60" displayName="Customer Service Manager Dashboard" solution="msdynce_Service (9.0.5.56)" id="{65e050d3-8b71-4b53-acb5-bb9af83bf384}" />
        <Dependent key="1" type="80" schemaName="Customerservicehub" displayName="Customer Service Hub" />
      </MissingDependency>
      <MissingDependency>
        <Required key="59" type="60" displayName="Knowledge Article Incident for Interactive experience" parentDisplayName="Knowledge Article Incident" solution="msdynce_Service (9.0.5.56)" id="{5e4e7214-a56d-4152-ac51-1a89e463eff4}" />
        <Dependent key="1" type="80" schemaName="Customerservicehub" displayName="Customer Service Hub" />
      </MissingDependency>
      <MissingDependency>
        <Required key="60" type="60" displayName="Tier 1 Dashboard" solution="msdynce_Service (9.0.5.56)" id="{d201a642-6283-4f1d-81b7-da4b1685e698}" />
        <Dependent key="1" type="80" schemaName="Customerservicehub" displayName="Customer Service Hub" />
      </MissingDependency>
      <MissingDependency>
        <Required key="61" type="60" displayName="Record Creation and Update Rule Item - UCI" parentDisplayName="Record Creation and Update Rule Item" solution="AutomaticRecordCreation (9.1.20041.1003)" id="{95ab3b9c-f36f-457a-8879-71c74472eeee}" />
        <Dependent key="1" type="80" schemaName="Customerservicehub" displayName="Customer Service Hub" />
      </MissingDependency>
      <MissingDependency>
        <Required key="62" type="60" displayName="Social Profile for Interactive experience" parentDisplayName="Social Profile" solution="msdynce_SocialProfile (9.0.1.0015)" id="{a0ea0f71-dc25-47b6-8cc9-9ef8144ae424}" />
        <Dependent key="1" type="80" schemaName="Customerservicehub" displayName="Customer Service Hub" />
      </MissingDependency>
      <MissingDependency>
        <Required key="63" type="60" displayName="Task for Interactive experience" parentDisplayName="Task" solution="msdynce_Activities (9.0.1.2033)" id="{d5b4a1b2-de4f-4f86-8768-b0730001e7d1}" />
        <Dependent key="1" type="80" schemaName="Customerservicehub" displayName="Customer Service Hub" />
      </MissingDependency>
      <MissingDependency>
        <Required key="64" type="60" displayName="Tier 2 Dashboard" solution="msdynce_Service (9.0.5.56)" id="{acddedde-9140-4130-a1c1-96a5c6867a9f}" />
        <Dependent key="1" type="80" schemaName="Customerservicehub" displayName="Customer Service Hub" />
      </MissingDependency>
      <MissingDependency>
        <Required key="65" type="60" displayName="Appointment for Interactive experience" parentDisplayName="Appointment" solution="msdynce_Activities (9.0.1.2033)" id="{230cd27c-0ce0-4b52-9fe5-d7a5ed94ba4e}" />
        <Dependent key="1" type="80" schemaName="Customerservicehub" displayName="Customer Service Hub" />
      </MissingDependency>
      <MissingDependency>
        <Required key="66" type="60" displayName="Customer Service Operations Dashboard" solution="msdynce_Service (9.0.5.56)" id="{4e76815a-1f63-df11-ae90-00155d2e3002}" />
        <Dependent key="1" type="80" schemaName="Customerservicehub" displayName="Customer Service Hub" />
      </MissingDependency>
      <MissingDependency>
        <Required key="67" type="60" displayName="Case for Interactive experience" parentDisplayName="Case" solution="msdynce_Service (9.0.5.56)" id="{915f6055-2e07-4276-ae08-2b96c8d02c57}" />
        <Dependent key="1" type="80" schemaName="Customerservicehub" displayName="Customer Service Hub" />
      </MissingDependency>
      <MissingDependency>
        <Required key="68" type="60" displayName="Email for Interactive experience" parentDisplayName="Email" solution="msdynce_Activities (9.0.1.2033)" id="{1d5ad078-3edb-4edc-98c6-c0c21e3125e3}" />
        <Dependent key="1" type="80" schemaName="Customerservicehub" displayName="Customer Service Hub" />
      </MissingDependency>
      <MissingDependency>
        <Required key="69" type="60" displayName="Customer Service Representative Social Dashboard" solution="msdynce_Service (9.0.5.56)" id="{063e7659-05d9-4030-960d-10fe269a5a8b}" />
        <Dependent key="1" type="80" schemaName="Customerservicehub" displayName="Customer Service Hub" />
      </MissingDependency>
      <MissingDependency>
        <Required key="70" type="60" displayName="Connected Customer Service Dashboard" solution="msdyn_ConnectedCustomerService (9.0.20051.1021)" id="{351c4635-47a7-e911-8199-000d3af92e18}" />
        <Dependent key="1" type="80" schemaName="Customerservicehub" displayName="Customer Service Hub" />
      </MissingDependency>
      <MissingDependency>
        <Required key="71" type="60" displayName="Information" parentDisplayName="Case Resolution" solution="msdynce_Service (9.0.5.56)" id="{74d16ac1-ff56-46ac-a0ae-1102197649c3}" />
        <Dependent key="1" type="80" schemaName="Customerservicehub" displayName="Customer Service Hub" />
      </MissingDependency>
      <MissingDependency>
        <Required key="72" type="60" displayName="Customer Service Performance Dashboard" solution="msdynce_Service (9.0.5.56)" id="{acb40ffe-a1e0-47d0-a472-799911009df6}" />
        <Dependent key="1" type="80" schemaName="Customerservicehub" displayName="Customer Service Hub" />
      </MissingDependency>
      <MissingDependency>
        <Required key="73" type="60" displayName="Account for Interactive experience" parentDisplayName="Account" solution="msdynce_AppCommon (9.0.4.0066)" id="{a72c7955-442b-4ea4-9499-b10cd18b4256}" />
        <Dependent key="1" type="80" schemaName="Customerservicehub" displayName="Customer Service Hub" />
      </MissingDependency>
      <MissingDependency>
        <Required key="74" type="62" schemaName="Customerservicehub" solution="msdynce_Customerservicehub (9.0.5.0056)" />
        <Dependent key="1" type="80" schemaName="Customerservicehub" displayName="Customer Service Hub" />
      </MissingDependency>
      <MissingDependency>
        <Required key="1" type="80" schemaName="Customerservicehub" displayName="Customer Service Hub" solution="msdynce_Customerservicehub (9.0.5.0056)" />
        <Dependent key="1" type="80" schemaName="Customerservicehub" displayName="Customer Service Hub" />
      </MissingDependency>
      <MissingDependency>
        <Required key="75" type="61" schemaName="msdynce_CustomerServiceHub/_imgs/AppIcon/CustomerServiceHubIcon.svg" displayName="msdynce_CustomerServiceHub/_imgs/AppIcon/CustomerServiceHubIcon.svg" solution="msdynce_Customerservicehub (9.0.5.0056)" />
        <Dependent key="1" type="80" schemaName="Customerservicehub" displayName="Customer Service Hub" />
      </MissingDependency>
      <MissingDependency>
        <Required key="76" type="61" schemaName="msdyn_/ActivityFeeds.Form.js" displayName="msdyn_/ActivityFeeds.Form.js" solution="ActivityFeedsCore (9.0.0.0)" />
        <Dependent key="25" type="60" displayName="Information" parentDisplayName="Contact" id="{894cc46a-b0cb-4ab0-8bf6-200544e46a2d}" />
      </MissingDependency>
      <MissingDependency>
        <Required key="77" type="61" schemaName="msdyn_/RecordWall.htm" displayName="msdyn_/RecordWall.htm" solution="ActivityFeedsCore (9.0.0.0)" />
        <Dependent key="25" type="60" displayName="Information" parentDisplayName="Contact" id="{894cc46a-b0cb-4ab0-8bf6-200544e46a2d}" />
      </MissingDependency>
    </MissingDependencies>
  </SolutionManifest>
</ImportExportXml>