{"schemaVersion":"1.0","appDefinitionTemplate":{"id":"/providers/Microsoft.PowerApps/apps/","type":"Microsoft.PowerApps/apps","tags":{"primaryDeviceWidth":"1024","primaryDeviceHeight":"768","sienaVersion":"20200522T053712Z-3.20051.16.0","deviceCapabilities":"webcam,location","supportsPortrait":"false","supportsLandscape":"true","primaryFormFactor":"Tablet","publisherVersion":"3.20051.16","minimumRequiredApiVersion":"2.2.0","hasComponent":"false","hasUnlockedComponent":"false","isUnifiedRootApp":"false"},"properties":{"appVersion":"2020-05-22T05:37:12Z","lifeCycleId":"Published","createdByClientVersion":{"major":3,"minor":20051,"build":16,"revision":0,"majorRevision":0,"minorRevision":0},"minClientVersion":{"major":3,"minor":20051,"build":16,"revision":0,"majorRevision":0,"minorRevision":0},"backgroundColor":"rgba(0, 176, 240, 1)","backgroundImageUri":"/12845300371967810649/N3177c871-5fdd-4721-930e-df50d7762469-logoSmallFile","displayName":"Inspection App","description":"","commitMessage":"","appUris":{"documentUri":{"value":"/12845300371967810649/Ncf9a918f-966c-495d-957c-1ee4dd68ed94-document.msapp","readonlyValue":"/12845300371967810649/Ncf9a918f-966c-495d-957c-1ee4dd68ed94-document.msapp"},"imageUris":[]},"createdTime":"0001-01-01T00:00:00Z","lastModifiedTime":"0001-01-01T00:00:00Z","sharedGroupsCount":0,"sharedUsersCount":0,"icons":{"smallIconUri":"/12845300371967810649/Nd9c48bf0-fba6-4493-a3ff-3d14c8e75a0e-small.png","mediumIconUri":"/12845300371967810649/N1a0a7d0a-c2e9-4077-8d34-b4ccc885b43a-medium.png","largeIconUri":"/12845300371967810649/N21e3d704-3fac-4ee0-ae1d-3bc327c2eda6-large.png","wideIconUri":"/12845300371967810649/N4a4c7ce6-053c-4705-86e2-79c3bfae9f65-wide.png"},"connectionReferences":{},"authorizationReferences":[{"resourceId":"powerbi"}],"databaseReferences":{"default.cds":{"databaseDetails":{"referenceType":"Environmental","environmentName":"default.cds"},"dataSources":{"Contacts":{"entitySetName":"contacts","logicalName":"contact"},"Cases":{"entitySetName":"incidents","logicalName":"incident"},"Inspections":{"entitySetName":"cre36_inspectionses","logicalName":"cre36_inspections"},"Addresses":{"entitySetName":"customeraddresses","logicalName":"customeraddress"}}}},"almMode":"Environment","performanceOptimizationEnabled":true,"canConsumeAppPass":true},"isAppComponentLibrary":false,"appType":"ClassicCanvasApp","appComponents":[]}}